,label,z1,z2
0,TSS,-0.45244842767715454,0.12620572745800018
1,CSH,1.0130221843719482,-0.24497608840465546
2,CSW,-0.003327682614326477,-0.06830289959907532
3,TSH,0.1343069225549698,-0.25238505005836487
4,THS,-0.29793059825897217,-0.10331176221370697
5,CSS,-0.1274268627166748,-0.20635797083377838
6,CWH,-0.455658882856369,0.3011806011199951
7,TSW,0.05086570233106613,0.07870402932167053
8,TSS,0.48637112975120544,-0.15393908321857452
9,CSH,-0.037700921297073364,-0.3174651861190796
10,TWW,-0.07729572057723999,-0.2546238303184509
11,CWS,-0.3897225260734558,-0.19278176128864288
12,CSS,0.1457781195640564,-0.2959151268005371
13,TSS,-0.36072391271591187,-0.052253857254981995
14,CSS,-0.3236733675003052,-0.2379000186920166
15,CSS,-0.14696314930915833,-0.11141836643218994
16,TSH,-0.274522602558136,-0.14142204821109772
17,TSW,0.14220550656318665,-0.2905440032482147
18,CWH,-0.4982321858406067,-0.03145713359117508
19,CSS,0.35736119747161865,0.20800569653511047
