,label,z1,z2,split
0,CSW,0.615312933921814,-0.15115170180797577,train
1,TSH,0.29075974225997925,-0.0726701095700264,train
2,CSH,0.26697829365730286,-0.0682610422372818,train
3,TWH,0.5422893166542053,-0.31641101837158203,train
4,CHH,0.9136300086975098,-0.0644126683473587,train
5,THS,-0.7987853288650513,0.024196550250053406,train
6,CHH,-0.5698721408843994,0.03474947810173035,test
7,TWH,-0.19062793254852295,0.04529362916946411,test
